{"Quantity": {"Quantity": 1.0, "Origin ID": 0.040309572740308, "Destination ID": 0.04691244024979375, "Grade ID": -0.12468117873140058}, "Origin ID": {"Quantity": 0.040309572740308, "Origin ID": 1.0, "Destination ID": -0.022338197612921048, "Grade ID": 0.012506465654189058}, "Destination ID": {"Quantity": 0.04691244024979375, "Origin ID": -0.022338197612921048, "Destination ID": 1.0, "Grade ID": -0.011678743139269315}, "Grade ID": {"Quantity": -0.12468117873140058, "Origin ID": 0.012506465654189058, "Destination ID": -0.011678743139269315, "Grade ID": 1.0}}